-- Custom NPC Vendor Mounts  => KangerTechx (Alliance)
DELETE FROM `creature_template` WHERE `entry`=500000;

INSERT INTO `creature_template` (`entry`, `name`, `subname`, `minlevel`, `maxlevel`, `faction`, `npcflag`, `speed_walk`, `speed_run`, `scale`, `rank`, `mindmg`, `maxdmg`, `VerifiedBuild`) VALUES 
(500000, 'KangerTechx', 'Marchant de montures', 90, 90, 35, 128, 1, 1.14286, 1, 1, 4328, 7359, 18414);

DELETE FROM `creature` WHERE `id`=500000;

INSERT INTO `creature` (`id`, `map`, `zoneId`, `areaId`, `spawnMask`, `phaseMask`, `position_x`, `position_y`, `position_z`, `orientation`, `spawntimesecs`, `curhealth`) VALUES 
(500000, 0, 1519, 5149, 1, 1, -8739.55, 386.28, 101.054, 3.262, 120, 500000);

DELETE FROM `creature_template_model` WHERE `CreatureID`=500000;

INSERT INTO `creature_template_model` (`CreatureID`, `Idx`, `CreatureDisplayID`, `DisplayScale`, `Probability`,`VerifiedBuild`) VALUES 
(500000, 0, 26919, 1, 0, 18414);

DELETE FROM `npc_vendor` WHERE `entry`=500000;

INSERT INTO `npc_vendor` (`entry`, `slot`, `item`, `maxcount`, `incrtime`, `ExtendedCost`, `type`) VALUES 
(500000, 0, 32861, 0, 0, 0, 1),
(500000, 0, 32860, 0, 0, 0, 1),
(500000, 0, 13335, 0, 0, 0, 1),
(500000, 0, 29228, 0, 0, 0, 1),
(500000, 0, 28915, 0, 0, 0, 1),
(500000, 0, 33809, 0, 0, 0, 1),
(500000, 0, 43951, 0, 0, 0, 1),
(500000, 0, 44168, 0, 0, 0, 1),
(500000, 0, 44707, 0, 0, 0, 1),
(500000, 0, 65891, 0, 0, 0, 1),
(500000, 0, 44413, 0, 0, 0, 1),
(500000, 0, 43962, 0, 0, 0, 1),
(500000, 0, 12354, 0, 0, 0, 1),
(500000, 0, 85870, 0, 0, 0, 1),
(500000, 0, 92724, 0, 0, 0, 1),
(500000, 0, 19872, 0, 0, 0, 1),
(500000, 0, 54068, 0, 0, 0, 1),
(500000, 0, 54860, 0, 0, 0, 1),
(500000, 0, 54811, 0, 0, 0, 1),
(500000, 0, 97989, 0, 0, 0, 1),
(500000, 0, 106246, 0, 0, 0, 1),
(500000, 0, 83086, 0, 0, 0, 1),
(500000, 0, 98618, 0, 0, 0, 1),
(500000, 0, 109013, 0, 0, 0, 1),
(500000, 0, 76755, 0, 0, 0, 1),
(500000, 0, 95341, 0, 0, 0, 1),
(500000, 0, 78924, 0, 0, 0, 1),
(500000, 0, 107951, 0, 0, 0, 1),
(500000, 0, 69846, 0, 0, 0, 1),
(500000, 0, 33225, 0, 0, 0, 1),
(500000, 0, 112326, 0, 0, 0, 1),
(500000, 0, 46778, 0, 0, 0, 1),
(500000, 0, 37719, 0, 0, 0, 1),
(500000, 0, 63125, 0, 0, 0, 1),
(500000, 0, 112327, 0, 0, 0, 1),
(500000, 0, 104011, 0, 0, 0, 1),
(500000, 0, 12353, 0, 0, 0, 1),
(500000, 0, 13329, 0, 0, 0, 1),
(500000, 0, 13328, 0, 0, 0, 1),
(500000, 0, 13327, 0, 0, 0, 1),
(500000, 0, 13326, 0, 0, 0, 1),
(500000, 0, 12302, 0, 0, 0, 1),
(500000, 0, 12303, 0, 0, 0, 1),
(500000, 0, 45802, 0, 0, 0, 1),
(500000, 0, 45801, 0, 0, 0, 1),
(500000, 0, 51954, 0, 0, 0, 1),
(500000, 0, 43953, 0, 0, 0, 1),
(500000, 0, 51955, 0, 0, 0, 1),
(500000, 0, 62900, 0, 0, 0, 1),
(500000, 0, 62901, 0, 0, 0, 1),
(500000, 0, 63040, 0, 0, 0, 1),
(500000, 0, 63042, 0, 0, 0, 1),
(500000, 0, 63043, 0, 0, 0, 1),
(500000, 0, 77068, 0, 0, 0, 1),
(500000, 0, 35513, 0, 0, 0, 1),
(500000, 0, 32768, 0, 0, 0, 1),
(500000, 0, 44175, 0, 0, 0, 1),
(500000, 0, 44151, 0, 0, 0, 1),
(500000, 0, 44164, 0, 0, 0, 1),
(500000, 0, 44160, 0, 0, 0, 1),
(500000, 0, 69230, 0, 0, 0, 1),
(500000, 0, 68824, 0, 0, 0, 1),
(500000, 0, 60954, 0, 0, 0, 1),
(500000, 0, 68823, 0, 0, 0, 1),
(500000, 0, 32858, 0, 0, 0, 1),
(500000, 0, 32859, 0, 0, 0, 1),
(500000, 0, 32862, 0, 0, 0, 1),
(500000, 0, 32857, 0, 0, 0, 1),
(500000, 0, 70909, 0, 0, 0, 1),
(500000, 0, 63041, 0, 0, 0, 1),
(500000, 0, 43952, 0, 0, 0, 1),
(500000, 0, 69224, 0, 0, 0, 1),
(500000, 0, 19902, 0, 0, 0, 1);


-- Custom NPC Vendor Mounts  => KangerTechx (Horde)
DELETE FROM `creature_template` WHERE `entry`=500001;

INSERT INTO `creature_template` (`entry`, `name`, `subname`, `minlevel`, `maxlevel`, `faction`, `npcflag`, `speed_walk`, `speed_run`, `scale`, `rank`, `mindmg`, `maxdmg`, `VerifiedBuild`) VALUES 
(500001, 'KangerTechx', 'Marchant de montures', 90, 90, 68, 128, 1, 1.14286, 1, 1, 4328, 7359, 18414);

DELETE FROM `creature` WHERE `id`=500001;

INSERT INTO `creature` (`id`, `map`, `zoneId`, `areaId`, `spawnMask`, `phaseMask`, `position_x`, `position_y`, `position_z`, `orientation`, `spawntimesecs`, `curhealth`) VALUES 
(500001, 1, 1637, 5170, 1, 1, 1636.478, -4230.958, 52.229, 4.623, 120, 500000);

DELETE FROM `creature_template_model` WHERE `CreatureID`=500001;

INSERT INTO `creature_template_model` (`CreatureID`, `Idx`, `CreatureDisplayID`, `DisplayScale`, `Probability`,`VerifiedBuild`) VALUES 
(500001, 0, 26919, 1, 0, 18414);

DELETE FROM `npc_vendor` WHERE `entry`=500001;

INSERT INTO `npc_vendor` (`entry`, `slot`, `item`, `maxcount`, `incrtime`, `ExtendedCost`, `type`) VALUES 
(500001, 0, 32861, 0, 0, 0, 1),
(500001, 0, 32860, 0, 0, 0, 1),
(500001, 0, 13335, 0, 0, 0, 1),
(500001, 0, 29228, 0, 0, 0, 1),
(500001, 0, 28915, 0, 0, 0, 1),
(500001, 0, 33809, 0, 0, 0, 1),
(500001, 0, 43951, 0, 0, 0, 1),
(500001, 0, 44168, 0, 0, 0, 1),
(500001, 0, 44707, 0, 0, 0, 1),
(500001, 0, 65891, 0, 0, 0, 1),
(500001, 0, 41508, 0, 0, 0, 1),
(500001, 0, 43962, 0, 0, 0, 1),
(500001, 0, 46102, 0, 0, 0, 1),
(500001, 0, 85870, 0, 0, 0, 1),
(500001, 0, 92724, 0, 0, 0, 1),
(500001, 0, 19872, 0, 0, 0, 1),
(500001, 0, 54068, 0, 0, 0, 1),
(500001, 0, 54860, 0, 0, 0, 1),
(500001, 0, 54811, 0, 0, 0, 1),
(500001, 0, 97989, 0, 0, 0, 1),
(500001, 0, 106246, 0, 0, 0, 1),
(500001, 0, 83086, 0, 0, 0, 1),
(500001, 0, 98618, 0, 0, 0, 1),
(500001, 0, 109013, 0, 0, 0, 1),
(500001, 0, 76755, 0, 0, 0, 1),
(500001, 0, 95341, 0, 0, 0, 1),
(500001, 0, 78924, 0, 0, 0, 1),
(500001, 0, 107951, 0, 0, 0, 1),
(500001, 0, 69846, 0, 0, 0, 1),
(500001, 0, 33225, 0, 0, 0, 1),
(500001, 0, 112326, 0, 0, 0, 1),
(500001, 0, 46778, 0, 0, 0, 1),
(500001, 0, 37719, 0, 0, 0, 1),
(500001, 0, 63125, 0, 0, 0, 1),
(500001, 0, 112327, 0, 0, 0, 1),
(500001, 0, 104011, 0, 0, 0, 1),
(500001, 0, 12351, 0, 0, 0, 1),
(500001, 0, 12330, 0, 0, 0, 1),
(500001, 0, 15293, 0, 0, 0, 1),
(500001, 0, 15292, 0, 0, 0, 1),
(500001, 0, 13317, 0, 0, 0, 1),
(500001, 0, 8586, 0, 0, 0, 1),
(500001, 0, 45802, 0, 0, 0, 1),
(500001, 0, 45801, 0, 0, 0, 1),
(500001, 0, 51954, 0, 0, 0, 1),
(500001, 0, 43953, 0, 0, 0, 1),
(500001, 0, 51955, 0, 0, 0, 1),
(500001, 0, 62900, 0, 0, 0, 1),
(500001, 0, 62901, 0, 0, 0, 1),
(500001, 0, 63040, 0, 0, 0, 1),
(500001, 0, 63042, 0, 0, 0, 1),
(500001, 0, 63043, 0, 0, 0, 1),
(500001, 0, 77068, 0, 0, 0, 1),
(500001, 0, 35513, 0, 0, 0, 1),
(500001, 0, 32768, 0, 0, 0, 1),
(500001, 0, 44175, 0, 0, 0, 1),
(500001, 0, 44151, 0, 0, 0, 1),
(500001, 0, 44164, 0, 0, 0, 1),
(500001, 0, 44160, 0, 0, 0, 1),
(500001, 0, 69230, 0, 0, 0, 1),
(500001, 0, 68824, 0, 0, 0, 1),
(500001, 0, 60954, 0, 0, 0, 1),
(500001, 0, 68823, 0, 0, 0, 1),
(500001, 0, 32858, 0, 0, 0, 1),
(500001, 0, 32859, 0, 0, 0, 1),
(500001, 0, 32862, 0, 0, 0, 1),
(500001, 0, 32857, 0, 0, 0, 1),
(500001, 0, 63041, 0, 0, 0, 1),
(500001, 0, 43952, 0, 0, 0, 1),
(500001, 0, 102533, 0, 0, 0, 1),
(500001, 0, 69224, 0, 0, 0, 1),
(500001, 0, 19902, 0, 0, 0, 1);


-- Update cost of items sold by KangerTechx

UPDATE item_template
SET BuyPrice = CASE entry

-- 100 PO
WHEN 12354 THEN 1000000
WHEN 12353 THEN 1000000
WHEN 13329 THEN 1000000
WHEN 13328 THEN 1000000
WHEN 12351 THEN 1000000
WHEN 12330 THEN 1000000
WHEN 15293 THEN 1000000
WHEN 15292 THEN 1000000
WHEN 13327 THEN 1000000
WHEN 13326 THEN 1000000
WHEN 12302 THEN 1000000
WHEN 12303 THEN 1000000
WHEN 13317 THEN 1000000
WHEN 8586  THEN 1000000

-- 400 PO
WHEN 44413 THEN 4000000
WHEN 41508 THEN 4000000
WHEN 43962 THEN 4000000
WHEN 46102 THEN 4000000

-- 500 PO
WHEN 43951 THEN 5000000
WHEN 44168 THEN 5000000
WHEN 44707 THEN 5000000
WHEN 65891 THEN 5000000

-- 700 PO
WHEN 13335 THEN 7000000
WHEN 29228 THEN 7000000
WHEN 28915 THEN 7000000
WHEN 33809 THEN 7000000

-- 900 PO
WHEN 32861 THEN 9000000
WHEN 32860 THEN 9000000
WHEN 32858 THEN 9000000
WHEN 32859 THEN 9000000
WHEN 32862 THEN 9000000
WHEN 32857 THEN 9000000

-- 1500 PO
WHEN 68824 THEN 15000000
WHEN 60954 THEN 15000000
WHEN 68823 THEN 15000000
WHEN 70909 THEN 15000000
WHEN 102533 THEN 15000000

-- 1700 PO
WHEN 44175 THEN 17000000
WHEN 44151 THEN 17000000
WHEN 44164 THEN 17000000
WHEN 44160 THEN 17000000
WHEN 69230 THEN 17000000
WHEN 69224 THEN 17000000

-- 1800 PO
WHEN 35513 THEN 18000000
WHEN 32768 THEN 18000000

-- 2000 PO
WHEN 33225 THEN 20000000
WHEN 46778 THEN 20000000
WHEN 37719 THEN 20000000
WHEN 45802 THEN 20000000
WHEN 45801 THEN 20000000
WHEN 51954 THEN 20000000
WHEN 43953 THEN 20000000
WHEN 51955 THEN 20000000
WHEN 62900 THEN 20000000
WHEN 62901 THEN 20000000
WHEN 63040 THEN 20000000
WHEN 63042 THEN 20000000
WHEN 63043 THEN 20000000
WHEN 77068 THEN 20000000
WHEN 63041 THEN 20000000
WHEN 43952 THEN 20000000
WHEN 19902 THEN 20000000

-- 2700 PO
WHEN 19872 THEN 27000000
WHEN 54068 THEN 27000000

-- 3000 PO
WHEN 54860 THEN 30000000
WHEN 54811 THEN 30000000
WHEN 97989 THEN 30000000
WHEN 106246 THEN 30000000
WHEN 83086 THEN 30000000
WHEN 98618 THEN 30000000
WHEN 109013 THEN 30000000
WHEN 76755 THEN 30000000
WHEN 95341 THEN 30000000
WHEN 78924 THEN 30000000
WHEN 107951 THEN 30000000
WHEN 69846 THEN 30000000
WHEN 112326 THEN 30000000
WHEN 63125 THEN 30000000
WHEN 112327 THEN 30000000
WHEN 104011 THEN 30000000

-- 5500 PO
WHEN 85870 THEN 55000000
WHEN 92724 THEN 55000000

ELSE BuyPrice
END
WHERE entry IN (
32861,32860,13335,29228,28915,33809,43951,44168,44707,65891,
44413,41508,43962,46102,12354,85870,92724,19872,54068,
54860,54811,97989,106246,83086,98618,109013,76755,95341,
78924,107951,69846,33225,112326,46778,37719,63125,112327,
104011,12353,13329,13328,12351,12330,15293,15292,13327,
13326,12302,12303,13317,8586,45802,45801,51954,43953,
51955,62900,62901,63040,63042,63043,77068,35513,32768,
44175,44151,44164,44160,69230,68824,60954,68823,32858,
32859,32862,32857,70909,63041,43952,102533,69224,19902
);
